{"cameraMode":{"drawMode":0,"name":"Shaded","section":"Shading Mode"},"sceneLighting":true,"audioPlay":false,"sceneViewState":{"showFog":true,"showMaterialUpdate":false,"showSkybox":true,"showFlares":true,"showImageEffects":true,"showParticleSystems":true},"in2DMode":false,"pivot":{"x":-0.04999995231628418,"y":0.6100000143051148,"z":1.2400000095367432},"rotation":{"x":-0.0001123488909797743,"y":-0.9883555173873901,"z":0.15241961181163789,"w":-0.0011965397279709578},"size":1.9455041885375977,"orthographic":false}