{"cameraMode":{"drawMode":0,"name":"Shaded","section":"Shading Mode"},"sceneLighting":true,"audioPlay":false,"sceneViewState":{"showFog":true,"showMaterialUpdate":false,"showSkybox":true,"showFlares":true,"showImageEffects":true,"showParticleSystems":true},"in2DMode":false,"pivot":{"x":-0.03999999910593033,"y":0.7620000243186951,"z":3.3499999046325685},"rotation":{"x":-0.003396514803171158,"y":-0.9960942268371582,"z":0.07636302709579468,"w":-0.04515863582491875},"size":10.0,"orthographic":false}